,Annisha,Conard,Habib,Ivana,Jinna,Joyceann,Katrice,Khaleel,Krystol,Lenell,Liza,Luci,Madina,Martinez,Ranardo,Sandra,Shalia,Shaquala,Umair,Wanisha
0,50.0,50.0,50.0,50.0,50.0,50.0,50.0,50.0,50.0,50.0,50.0,50.0,50.0,50.0,50.0,50.0,50.0,50.0,50.0,50.0
1,50.0,50.0,50.0,50.0,50.0,50.0,50.0,50.0,50.0,50.0,50.0,50.0,50.0,50.0,50.0,50.0,50.0,50.0,50.0,50.0
2,47.145833333333336,,100.0,36.33510413527425,47.145833333333336,47.145833333333336,47.145833333333336,47.145833333333336,47.145833333333336,47.145833333333336,35.868851024700014,47.145833333333336,47.145833333333336,47.145833333333336,47.145833333333336,29.425615064167957,47.145833333333336,47.145833333333336,38.8022118086206,
3,47.145833333333336,,100.0,36.33510413527425,35.05671882707517,47.145833333333336,47.145833333333336,11.7706965902656,47.145833333333336,47.145833333333336,14.725469518747241,47.145833333333336,47.145833333333336,47.145833333333336,29.91692561106428,29.425615064167957,47.145833333333336,47.145833333333336,38.8022118086206,
4,48.97124512337587,,94.79777649399372,39.597940198173966,38.489532514832916,48.97124512337587,48.97124512337587,15.7706965902656,48.97124512337587,48.97124512337587,20.861582005123317,48.97124512337587,48.97124512337587,48.97124512337587,36.91692561106428,33.60715578814019,48.97124512337587,48.97124512337587,41.73701445319577,
5,48.97124512337587,,94.79777649399372,39.597940198173966,1.5453033113474284,48.97124512337587,48.97124512337587,15.7706965902656,48.97124512337587,48.97124512337587,20.861582005123317,48.97124512337587,48.97124512337587,48.97124512337587,36.91692561106428,33.60715578814019,48.97124512337587,40.080852987821125,17.46496502676675,
6,49.96550265022713,,90.17166649464093,41.74178110040132,8.356087101211248,49.96550265022713,55.97124512337587,20.836815531164326,49.96550265022713,49.96550265022713,25.30333234971939,49.96550265022713,49.96550265022713,49.96550265022713,39.38957794352638,36.48573286060781,49.96550265022713,45.080852987821125,22.323291428793787,
7,49.96550265022713,,90.17166649464093,41.74178110040132,8.356087101211248,49.96550265022713,55.97124512337587,20.836815531164326,49.96550265022713,49.96550265022713,25.30333234971939,49.96550265022713,49.96550265022713,23.28096747392962,14.028034386852974,36.48573286060781,49.96550265022713,45.080852987821125,5.36025235573787,
8,51.07684225689692,,69.79230712455632,43.89679343614819,14.748078784709161,51.07684225689692,56.32039578686359,25.644877624824048,51.07684225689692,51.07684225689692,29.54454867054421,51.07684225689692,51.07684225689692,25.28096747392962,19.700199083636768,39.30779042367057,51.07684225689692,14.50855827596316,12.132445509546798,
9,51.07684225689692,,69.79230712455632,43.89679343614819,14.748078784709161,51.07684225689692,56.32039578686359,25.644877624824048,51.07684225689692,51.07684225689692,29.54454867054421,51.07684225689692,51.07684225689692,10.206484406160682,19.700199083636768,39.30779042367057,51.07684225689692,14.50855827596316,12.132445509546798,
10,51.857702827879095,,68.26254021154882,47.89679343614819,20.014119923300438,51.857702827879095,56.45388270264746,29.565590551398273,51.857702827879095,51.857702827879095,32.98380483606676,51.857702827879095,51.857702827879095,16.033234715825813,24.354847165863305,41.54166831581708,51.857702827879095,19.50855827596316,17.72141499516897,
11,51.857702827879095,,68.26254021154882,39.486835654417575,0.3158084516321935,51.857702827879095,56.45388270264746,29.565590551398273,51.857702827879095,51.857702827879095,7.755307983766322,51.857702827879095,51.857702827879095,16.033234715825813,24.354847165863305,41.54166831581708,51.857702827879095,19.50855827596316,17.72141499516897,
12,52.48231895670176,,66.87993174890123,43.486835654417575,7.246866726961656,52.857702827879095,56.5161302412981,32.917772635962145,52.48231895670176,52.48231895670176,13.77610143538007,52.48231895670176,52.48231895670176,21.041177036131252,28.344593160307706,43.42850958438292,52.48231895670176,24.091275112462966,22.522798914907398,
13,52.48231895670176,,66.87993174890123,43.486835654417575,7.246866726961656,52.857702827879095,56.5161302412981,32.917772635962145,52.48231895670176,52.48231895670176,13.77610143538007,52.48231895670176,52.48231895670176,21.041177036131252,28.344593160307706,43.42850958438292,52.48231895670176,15.578313319519342,22.522798914907398,
14,53.134823288548446,,65.74274378464735,45.25752168750584,13.522354641896033,53.46354514484714,56.667212491292645,36.917772635962145,53.134823288548446,53.134823288548446,19.239974173149808,53.134823288548446,53.134823288548446,25.60196604600013,35.34459316030771,45.206445827607375,53.134823288548446,20.818162479801813,26.899415221950406,
15,53.134823288548446,,65.74274378464735,45.25752168750584,13.522354641896033,13.090092209768086,56.667212491292645,36.917772635962145,53.134823288548446,53.134823288548446,19.239974173149808,22.903115577441596,53.134823288548446,25.60196604600013,35.34459316030771,45.206445827607375,53.134823288548446,20.818162479801813,26.899415221950406,
16,54.063765193505404,,65.01918863778113,47.218927088411455,19.643230274091017,19.267623687383924,57.13317061195044,39.97225367332068,54.063765193505404,54.063765193505404,22.239974173149808,22.903115577441596,54.063765193505404,30.139589131621065,38.60526795073695,47.17454564793986,54.063765193505404,25.98278993875219,31.26698401996605,
17,54.063765193505404,,65.01918863778113,47.218927088411455,19.643230274091017,19.267623687383924,57.13317061195044,19.312975063591296,54.063765193505404,54.063765193505404,22.239974173149808,22.903115577441596,54.063765193505404,21.601500356124472,38.60526795073695,47.17454564793986,54.063765193505404,25.98278993875219,11.378843362954552,
18,54.643903017120095,,64.2113129396613,48.66628176514727,24.58432850571677,24.256309949162397,57.32442559172462,23.312975063591296,54.643903017120095,54.643903017120095,25.239974173149808,27.43119783543846,54.643903017120095,26.29449267318689,41.14394286858598,48.627523296695145,54.643903017120095,30.12068831405562,17.367010276119668,
19,54.643903017120095,,64.2113129396613,48.66628176514727,24.58432850571677,24.256309949162397,57.32442559172462,7.955024323705985,54.643903017120095,54.643903017120095,25.239974173149808,27.43119783543846,54.643903017120095,26.29449267318689,41.14394286858598,37.5341550935275,54.643903017120095,30.12068831405562,17.367010276119668,
20,54.832849227726214,,63.24728630256122,49.57559378564288,28.395767481433122,28.107278587798273,57.19034082830494,13.770468181969797,54.832849227726214,54.832849227726214,28.97240099632052,30.899559315290098,54.832849227726214,29.89983900040414,42.9597753130205,43.5341550935275,54.832849227726214,33.26493809375902,25.367010276119668,
21,54.832849227726214,,63.24728630256122,49.57559378564288,28.395767481433122,28.107278587798273,57.19034082830494,13.770468181969797,54.832849227726214,54.832849227726214,28.97240099632052,30.899559315290098,54.832849227726214,10.88820568502252,42.9597753130205,43.5341550935275,54.832849227726214,33.26493809375902,8.960035038723678,
22,55.064517958994486,,62.45415721688934,50.447545859959305,31.847219475552723,31.59386576514869,57.13488966976463,19.003141505679086,55.064517958994486,55.064517958994486,32.353624553056186,34.04607345289129,55.064517958994486,16.471910965884803,44.63747069110377,49.5341550935275,55.064517958994486,36.12337175885172,16.960035038723678,
23,55.064517958994486,,62.45415721688934,50.447545859959305,31.847219475552723,31.59386576514869,57.13488966976463,19.003141505679086,33.88610289180525,55.064517958994486,32.353624553056186,34.04607345289129,55.064517958994486,16.471910965884803,44.63747069110377,49.5341550935275,55.064517958994486,6.812975069706322,16.960035038723678,
24,55.8141901371974,,62.22459761976882,51.809032177847975,35.67351225981099,35.45373150134215,57.61020829765711,24.531456382476552,33.88610289180525,55.8141901371974,36.112811498210505,34.04607345289129,55.8141901371974,22.335649709630516,46.768874189493864,51.01667861371553,55.8141901371974,13.956659507045284,22.75909043518509,
25,55.8141901371974,,62.22459761976882,51.809032177847975,35.67351225981099,35.45373150134215,57.61020829765711,24.531456382476552,33.88610289180525,55.8141901371974,12.991124855820159,34.04607345289129,55.8141901371974,22.335649709630516,46.768874189493864,24.721216521763715,55.8141901371974,13.956659507045284,22.75909043518509,
26,64.8141901371974,,61.31707567419471,52.113173302248796,37.85472992974832,37.66051669615489,57.239487274055634,28.008851173612353,36.2752533844219,55.65240341391481,17.811028952292162,36.41661425770636,55.65240341391481,26.068486979537916,47.65934673635863,30.721216521763715,55.65240341391481,18.664241071803172,26.442668018487975,
27,64.8141901371974,,61.31707567419471,52.113173302248796,37.85472992974832,37.66051669615489,44.54831405096742,28.008851173612353,36.2752533844219,13.318066240601858,17.811028952292162,36.41661425770636,55.65240341391481,26.068486979537916,47.65934673635863,30.721216521763715,55.65240341391481,18.664241071803172,26.442668018487975,
28,64.1362587251773,,61.091044639856065,53.07647907745064,40.66052499529215,40.49140817605407,46.48915796194587,32.086939833081985,39.28514987556195,14.318066240601858,23.206889667008163,39.40824396555908,56.15836658821415,30.397311301628356,49.19818011540256,34.44881081274555,56.15836658821415,23.664241071803172,30.72314031933014,
29,64.1362587251773,,61.091044639856065,19.553705508858936,40.66052499529215,40.49140817605407,46.48915796194587,32.086939833081985,28.407202938871972,14.318066240601858,10.018959177838257,39.40824396555908,25.22998600248372,30.397311301628356,49.19818011540256,34.44881081274555,56.15836658821415,23.664241071803172,30.72314031933014,
30,63.44912987676281,,60.790379819061464,24.524488582173586,42.95266996946885,42.805015538512784,48.0415989584387,35.46714697960358,28.407202938871972,19.95329725816081,16.199784095889584,41.859314242490505,25.22998600248372,33.99194693467068,50.406822750596945,37.529276086957026,56.48370131076157,28.113361600278168,34.27642542956244,
31,63.44912987676281,,60.790379819061464,10.956754074679193,42.95266996946885,42.805015538512784,48.0415989584387,35.46714697960358,28.407202938871972,19.95329725816081,16.199784095889584,41.859314242490505,25.22998600248372,33.99194693467068,50.406822750596945,37.529276086957026,56.48370131076157,28.113361600278168,34.27642542956244,
32,62.85826257124247,,60.53749695009694,14.956754074679193,44.967344479768855,44.83846010939337,49.40936091220582,38.43339279790482,32.27091980820734,24.89168774712234,19.199784095889584,44.01297783086028,29.497595623208134,37.145722473770434,51.47391378255047,40.23338085050385,56.77829010233862,32.01443203693129,37.394037620576974,
33,62.85826257124247,,60.53749695009694,14.956754074679193,44.967344479768855,36.5580376137612,24.23099770375214,38.43339279790482,32.27091980820734,24.89168774712234,19.199784095889584,13.613499675037984,29.497595623208134,5.525092204679474,51.47391378255047,40.23338085050385,56.77829010233862,32.01443203693129,37.394037620576974,
34,62.226578109695915,,60.19459552993062,20.28566433424483,46.56190539710299,39.19900545411184,28.405873166653148,40.841001970404356,35.44535251349859,25.89168774712234,24.000715526818507,19.109556968901856,33.017125216173085,7.525092204679474,52.258833754203465,42.41700961776924,56.903163272067,35.22078064014479,39.930978314729636,
35,62.226578109695915,,60.19459552993062,12.757670444688856,46.56190539710299,39.19900545411184,28.405873166653148,40.841001970404356,35.44535251349859,25.89168774712234,24.000715526818507,19.109556968901856,33.017125216173085,7.525092204679474,52.258833754203465,42.41700961776924,56.903163272067,17.772545721292094,39.930978314729636,
36,61.28388132923692,,59.48666111437083,16.757670444688856,47.429005436755055,40.91676820138045,31.370605885862364,42.36905886627457,37.59678848716415,29.14689348552069,27.474392188549526,23.148327033296844,35.44910315339169,12.902257770700487,59.258833754203465,43.7629845971511,56.57550004015624,21.965785575689882,41.56417356544987,
37,61.28388132923692,,59.48666111437083,16.757670444688856,47.429005436755055,40.91676820138045,31.370605885862364,16.20675143984083,37.59678848716415,29.14689348552069,27.474392188549526,23.148327033296844,35.44910315339169,12.902257770700487,59.258833754203465,32.54375710445739,56.57550004015624,21.965785575689882,41.56417356544987,
38,60.759897097690875,,59.18276768069687,20.757670444688856,48.601714055852355,42.886977025077144,34.509854798948055,20.20675143984083,39.97356795711603,32.55846219135127,31.0907783907824,27.294490902056303,38.088892005709866,18.303173583826133,58.98284046602173,35.53933982372364,56.628112591813505,26.2567655837119,43.45509997180779,
39,60.759897097690875,,45.344343099977074,20.757670444688856,48.601714055852355,42.886977025077144,34.509854798948055,20.20675143984083,39.97356795711603,17.005072082220025,31.0907783907824,27.294490902056303,38.088892005709866,18.303173583826133,58.98284046602173,35.53933982372364,56.628112591813505,26.2567655837119,43.45509997180779,
40,60.15319041775746,,45.344343099977074,24.919824310039765,24.120187957702473,44.41098831998704,17.80827841685232,24.4345830467999,39.97356795711603,21.614591501201513,34.021072059406194,30.677358518140192,40.18490641785282,22.75793999146946,58.5879853745265,37.93929878661088,18.638945210119708,29.76334549637426,26.680593529466908,
41,60.15319041775746,,45.344343099977074,24.919824310039765,24.120187957702473,44.41098831998704,17.80827841685232,24.4345830467999,39.97356795711603,21.614591501201513,34.021072059406194,19.227761144245676,40.18490641785282,22.75793999146946,30.02693178897114,12.161050396928234,18.638945210119708,29.76334549637426,26.680593529466908,
42,59.024005666649956,,45.78846650250614,27.533870952153435,26.819188841431284,44.9542723562969,21.177863481276464,28.4345830467999,40.988288391425314,24.579789695912304,35.668192175432154,22.446538809482654,41.1771740226934,25.601667590691914,37.02693178897114,16.13060314948728,21.92027932490825,31.862811144353287,29.10757412179621,
43,59.024005666649956,,45.78846650250614,16.43696075993798,26.819188841431284,44.9542723562969,21.177863481276464,28.4345830467999,40.988288391425314,24.579789695912304,35.668192175432154,22.446538809482654,41.1771740226934,13.674957886386455,37.02693178897114,16.13060314948728,21.92027932490825,31.862811144353287,29.10757412179621,
44,58.156157680016626,,46.36660810977546,20.22176976041077,29.469733979950224,45.62355011145968,24.44472637349159,32.4345830467999,42.090851974363446,27.474990365336048,37.3519790596263,25.57479825684553,42.25910175137095,17.761517149085382,38.5622756579141,19.94888187954424,25.1060328969116,36.86281114435329,31.508111968491935,
45,58.156157680016626,,46.36660810977546,20.22176976041077,29.469733979950224,45.62355011145968,24.44472637349159,32.4345830467999,11.362973741145458,27.474990365336048,22.74849226785804,25.57479825684553,42.25910175137095,17.761517149085382,22.688901998435,19.94888187954424,25.1060328969116,36.86281114435329,2.650495978511554,
46,57.09795486967383,,46.52614952958635,23.0818152035987,31.374555900651924,45.859842096228746,26.868582035286266,34.03316529117452,15.138045468781,29.585849634017837,25.34755218854476,27.881928635166542,42.842908079562406,20.875682429872906,29.688901998435,22.837113950255485,27.461582115066527,38.004001086887,10.650495978511554,
47,57.09795486967383,,46.52614952958635,23.0818152035987,31.374555900651924,45.859842096228746,26.868582035286266,34.03316529117452,15.138045468781,29.585849634017837,25.34755218854476,27.881928635166542,42.842908079562406,20.875682429872906,29.688901998435,22.837113950255485,27.461582115066527,38.004001086887,10.650495978511554,
48,56.63103441936777,,47.25538845819159,26.46369097938696,33.8181397534849,46.66447116492925,29.82199961346683,36.17593765012986,15.138045468781,32.231818766197435,28.473068481964134,30.720689917611278,43.98889170441501,24.507173699280713,32.32321114934828,26.246676737845593,30.34790400009858,39.69748854829059,18.650495978511554,
49,56.63103441936777,,47.25538845819159,26.46369097938696,33.8181397534849,46.66447116492925,29.82199961346683,36.17593765012986,15.138045468781,32.231818766197435,28.473068481964134,30.720689917611278,43.98889170441501,5.0532563928710985,32.32321114934828,26.246676737845593,30.34790400009858,39.69748854829059,18.650495978511554,
50,56.34618531808798,,48.05590200956012,29.67113542619491,36.17420349934969,47.53339168938175,32.640672685738,40.17593765012986,19.65659239378062,34.771521438045944,31.4478992714945,33.43532696970265,45.16754811615039,7.0532563928710985,34.852333869711934,29.479243629958876,33.10569625599959,41.37293512599447,22.762427442739355,
51,44.77706032489385,,48.05590200956012,29.67113542619491,36.17420349934969,47.53339168938175,32.640672685738,40.17593765012986,19.65659239378062,34.771521438045944,14.348013040925967,33.43532696970265,45.16754811615039,7.0532563928710985,34.852333869711934,29.479243629958876,33.10569625599959,1.311268638702856,22.762427442739355,
52,53.77706032489385,,48.23581506558795,31.811839364830114,37.621335587126886,47.76903204916556,34.46466650691414,41.196272704510505,22.865377593192044,36.36825380410407,17.348013040925967,35.17456851144368,45.65551283844554,11.606225441936658,36.440447345859575,31.64041340822281,34.88009390892242,6.476638023957808,25.63996595379788,
53,53.77706032489385,,48.23581506558795,31.811839364830114,37.621335587126886,18.153074592279047,34.46466650691414,20.98865821751531,22.865377593192044,26.15812183975461,17.348013040925967,35.17456851144368,45.65551283844554,11.606225441936658,36.440447345859575,31.64041340822281,11.141569622968754,6.476638023957808,25.63996595379788,
54,53.60312759219569,,48.68007173061768,34.08837869767677,39.24975905382725,19.153074592279047,36.445252577181954,24.47264741440145,26.139997241129688,29.065398140231498,21.238157920106993,37.07595687937393,46.38763178083508,16.136932514559607,38.200612425950354,33.936077270649164,15.141569622968754,11.579609345521455,28.605048480146255,
55,29.641100887275215,,48.68007173061768,34.08837869767677,39.24975905382725,19.153074592279047,10.591915301306182,24.47264741440145,26.139997241129688,29.065398140231498,21.238157920106993,19.838349805760437,46.38763178083508,16.136932514559607,24.363030588563905,33.936077270649164,15.141569622968754,11.579609345521455,28.605048480146255,
56,38.641100887275215,,48.60580107511773,35.52259603582669,40.15039332657574,22.13130240773554,14.455195041375001,26.900938240681818,28.395917583110823,31.018890784278927,24.00082999719321,19.838349805760437,46.55035337377427,19.42696884333328,26.802653593043516,35.38603951746515,18.534506483428487,15.340781358698358,30.606132033182224,
57,38.641100887275215,,48.60580107511773,35.52259603582669,40.15039332657574,22.13130240773554,14.455195041375001,26.900938240681818,28.395917583110823,31.018890784278927,24.00082999719321,19.838349805760437,46.55035337377427,19.42696884333328,26.802653593043516,35.38603951746515,18.534506483428487,15.340781358698358,30.606132033182224,
58,39.80523100853772,,48.71010970723142,37.01840281501938,41.15399874258598,25.051374893574184,21.455195041375,29.31372375793329,30.649700701587378,32.99370079652485,26.722064035661287,23.002295202510922,46.873274468143784,22.634667727493145,29.22589242847385,36.89637011874127,21.837125512645756,20.340781358698358,32.624842071118856,
59,39.80523100853772,,48.71010970723142,37.01840281501938,41.15399874258598,18.076812134258166,21.455195041375,29.31372375793329,30.649700701587378,21.350805104592247,26.722064035661287,23.002295202510922,37.24866675909766,22.634667727493145,29.22589242847385,36.89637011874127,5.40441525037793,20.340781358698358,32.624842071118856,
60,41.245190830002926,,49.14920585407836,38.77158813911875,42.44236383983511,21.958937188288157,24.957606811811296,31.93287634040316,33.118696180488044,22.350805104592247,29.63250616409362,26.330820679301898,38.97597157151347,26.004512687455847,31.85491681157389,38.66327130545406,9.40441525037793,23.968447634134506,34.87184157277058,
61,41.245190830002926,,49.14920585407836,38.77158813911875,42.44236383983511,21.958937188288157,24.957606811811296,31.93287634040316,33.118696180488044,22.350805104592247,29.63250616409362,13.640166511429651,38.97597157151347,13.106045966613804,31.85491681157389,26.955946039663363,9.40441525037793,23.968447634134506,34.87184157277058,
62,42.32266177958208,,49.3627959979698,40.119415088660375,43.388988025948954,25.14432725036305,27.815252920658637,34.028150231852834,35.084364169654805,25.493365393415345,31.979202356138266,17.734768700855792,40.301460136865714,15.106045966613804,33.95871140299326,32.95594603966336,13.961970027943678,26.93420533244138,36.645896989167724,
63,42.32266177958208,,49.3627959979698,19.126229145442412,43.388988025948954,25.14432725036305,27.815252920658637,34.028150231852834,35.084364169654805,25.493365393415345,31.979202356138266,17.734768700855792,23.40775439429718,15.106045966613804,33.95871140299326,32.95594603966336,13.961970027943678,26.93420533244138,36.645896989167724,
64,43.574608825380686,,49.812971456357864,23.019921368024754,44.51949561324774,28.352643325119676,30.719388386338906,36.22472467879508,35.084364169654805,28.66193096664162,34.40912294959891,21.78692856267168,26.813841524586444,17.106045966613806,36.163193949172765,35.27462935989308,18.443798229471117,29.938679641313612,38.54434715211985,
65,43.574608825380686,,49.812971456357864,23.019921368024754,44.51949561324774,28.352643325119676,30.719388386338906,36.22472467879508,35.084364169654805,28.66193096664162,34.40912294959891,12.998085867459473,26.813841524586444,17.106045966613806,36.163193949172765,35.27462935989308,18.443798229471117,29.938679641313612,38.54434715211985,
66,44.30112908938089,,49.86728972271147,27.019921368024754,45.144201535260166,30.719375327785727,32.831096618797716,37.7432166664769,36.72573337009675,30.995336312494537,36.12325138573533,17.019316783793514,29.346383965902582,20.684632049960392,37.688316054694056,36.89549692416439,21.878237555624768,32.1345115467664,46.54434715211985,
67,44.30112908938089,,49.86728972271147,15.76881517240683,45.144201535260166,30.719375327785727,32.831096618797716,37.7432166664769,36.72573337009675,30.995336312494537,25.308464810353563,17.019316783793514,29.346383965902582,20.684632049960392,37.688316054694056,36.89549692416439,8.88467766253965,32.1345115467664,46.54434715211985,
68,45.25267673154309,,50.191703833004354,19.935068960850145,46.00076108141953,33.20116504641345,35.074960894953335,41.7432166664769,38.53079297242306,33.44603379386949,28.308464810353563,21.044677855727507,31.982867193885355,24.297025861387873,39.38492246666633,38.68142944334337,13.826560067337452,34.456859338804506,47.24315374724605,
69,45.25267673154309,,50.191703833004354,19.935068960850145,46.00076108141953,33.20116504641345,35.074960894953335,41.7432166664769,38.53079297242306,33.44603379386949,28.308464810353563,21.044677855727507,31.982867193885355,2.3160112077830775,39.38492246666633,38.68142944334337,13.826560067337452,34.456859338804506,47.24315374724605,
70,46.57610069073099,,50.919700908112546,24.310669795681378,47.23399935741004,35.97746502829089,37.62536448052076,43.489725340208324,40.66457699233114,36.19281350134651,31.67460671786677,25.286509234904507,34.90603968310278,4.3160112077830775,41.41573647792487,40.79705340810976,17.826560067337454,37.08177846681826,48.326614753620504,
71,46.57610069073099,,50.919700908112546,24.310669795681378,47.23399935741004,35.97746502829089,37.62536448052076,43.489725340208324,40.66457699233114,23.0068569391063,31.67460671786677,7.9608222631334264,34.90603968310278,4.3160112077830775,41.41573647792487,16.37194220846993,17.826560067337454,37.08177846681826,48.326614753620504,
72,47.61878873117081,,51.44760244583235,27.99216958867386,48.19871582201086,38.27626189855304,39.72885875537991,44.89819851124532,42.407875691705,26.84287953047968,34.483361519445694,7.9608222631334264,37.33181769315027,10.36719970425154,43.07001069410012,22.37194220846993,22.27653117519675,39.24969642915252,49.16183871649834,
73,47.61878873117081,,51.44760244583235,12.8800189142034,48.19871582201086,38.27626189855304,39.72885875537991,44.89819851124532,42.407875691705,26.84287953047968,11.04009849238765,7.9608222631334264,24.033283678189548,10.36719970425154,17.756038846291023,22.37194220846993,22.27653117519675,39.24969642915252,49.16183871649834,
74,48.368080925523955,,51.75425595632875,16.8800189142034,48.88096423117295,40.105618073363345,41.39028417962427,45.962010701609245,43.759587293575606,29.99401777686364,16.018153042688944,13.29486351817545,24.033283678189548,15.42304624344193,21.95768189667295,26.039953293102005,25.955572468488946,40.96651649968715,49.73274312143903,
75,6.945713750511683,,51.75425595632875,16.8800189142034,31.405151402314164,40.105618073363345,41.39028417962427,7.802345820475173,43.759587293575606,29.99401777686364,16.018153042688944,13.29486351817545,24.033283678189548,15.42304624344193,21.95768189667295,26.039953293102005,25.955572468488946,40.96651649968715,49.73274312143903,
76,11.367459557762349,,51.46158450266154,20.2565519688541,33.253459436732484,41.105618073363345,42.1880317628303,12.133963254471881,44.30805465147432,31.990794661054576,19.485365131765725,17.048599616042157,26.657204101071258,18.952870986899946,24.79998150316272,28.452747055668606,28.377244145766966,45.96651649968715,49.65276001987656,
77,11.367459557762349,,51.46158450266154,20.2565519688541,33.253459436732484,41.105618073363345,42.1880317628303,12.133963254471881,44.30805465147432,31.990794661054576,19.485365131765725,17.048599616042157,14.051305347375337,18.952870986899946,24.79998150316272,28.452747055668606,28.377244145766966,45.96651649968715,49.65276001987656,
78,20.36745955776235,,51.22928047156953,23.324328050351124,34.946750943876395,41.968506582863654,42.93644989367185,16.060741596262403,44.83227031223454,33.817618953673616,22.634697876964623,20.455631865600484,17.775315674007874,22.158517512116145,27.38726837405317,30.653736654068947,32.377244145766966,46.315341958343105,49.61174775226327,
79,20.36745955776235,,51.22928047156953,10.666800610775667,34.946750943876395,41.968506582863654,42.93644989367185,16.060741596262403,44.83227031223454,33.817618953673616,22.634697876964623,20.455631865600484,17.775315674007874,22.158517512116145,15.883398933643958,30.653736654068947,32.377244145766966,46.315341958343105,49.61174775226327,
80,23.96297425250218,,51.36658810442008,14.666800610775667,37.946750943876395,43.14352594860014,44.00300681960954,20.138843579342094,45.68639195841807,35.905982261060686,25.97615823095933,24.041266453185248,21.661291852186043,25.55333603655229,19.981372966722063,33.096627328523475,34.62700798575326,47.003278697479686,49.93030726549912,
81,23.96297425250218,,51.36658810442008,14.666800610775667,29.260198992555306,43.14352594860014,44.00300681960954,20.138843579342094,45.68639195841807,35.905982261060686,25.97615823095933,24.041266453185248,12.42546539972856,25.55333603655229,19.981372966722063,33.096627328523475,34.62700798575326,47.003278697479686,49.93030726549912,
82,27.470264203300278,,51.69806688683441,19.25142628211647,32.15359233899288,44.427977312436944,45.18785274586013,24.089312921252905,46.67614999029793,38.02919424233863,29.250139823329075,27.539483102678265,12.42546539972856,28.876318591148937,26.981372966722063,35.5454161048518,36.89844059258613,47.84042241958245,50.42823696762897,
83,15.522766349821834,,51.69806688683441,19.25142628211647,32.15359233899288,44.427977312436944,45.18785274586013,24.089312921252905,46.67614999029793,27.025876835004933,29.250139823329075,27.539483102678265,12.42546539972856,28.876318591148937,14.388312305151445,35.5454161048518,36.89844059258613,38.48772348824086,10.836138051995668,
84,24.522766349821836,,51.37727219336297,22.324085982198877,33.87687006066171,44.86752997536276,45.547933309978625,26.655998894468013,46.880575955699136,29.285440236226425,31.27707713847587,29.745330636459865,16.212022949167917,30.942352258925872,21.388312305151445,36.9139575873939,38.1254750714164,39.54854171403706,14.7889165035205,
85,24.522766349821836,,51.37727219336297,22.324085982198877,24.67862472436685,44.86752997536276,45.547933309978625,26.655998894468013,46.880575955699136,29.285440236226425,31.27707713847587,19.20191444671886,16.212022949167917,30.942352258925872,6.22377850133952,36.9139575873939,38.1254750714164,39.54854171403706,14.7889165035205,
86,27.76849721615507,,51.575654463598994,25.819314849745705,27.906669366956965,45.80461337547821,46.40780709176777,29.659658533054568,47.589226448584895,31.990720733971155,33.75635415087012,19.20191444671886,20.400825804315943,33.45961259515108,13.22377850133952,38.753582549496954,39.827621573644116,41.08920395135934,19.13920814027214,
87,27.76849721615507,,51.575654463598994,25.819314849745705,27.906669366956965,45.80461337547821,46.40780709176777,29.659658533054568,47.589226448584895,31.990720733971155,17.48942734390918,19.20191444671886,20.400825804315943,33.45961259515108,13.22377850133952,38.753582549496954,39.827621573644116,41.08920395135934,19.13920814027214,
88,30.638200131987432,,36.785913951804986,28.910011456145394,30.76070665084767,46.629424062528344,47.16422910067928,32.31494604780279,48.2117019226467,20.180483302693197,21.524546911263815,23.042876273155688,24.105857894190187,35.6840702980557,17.7425272542589,40.37782244922156,43.827621573644116,42.44863661587566,22.987279459551875,
89,30.638200131987432,,36.785913951804986,28.910011456145394,30.76070665084767,23.081091641805617,47.16422910067928,19.577291163400076,48.2117019226467,20.180483302693197,21.524546911263815,23.042876273155688,24.105857894190187,35.6840702980557,17.7425272542589,40.37782244922156,11.519409699205035,42.44863661587566,22.987279459551875,
90,33.00422083162513,,38.46946818750314,31.46788084119527,33.760706650847666,24.081091641805617,47.695671795584744,23.171199115599094,48.62686316824714,23.707430036715063,24.902287230488998,26.25206468819729,27.197043206061696,37.489941766505396,21.54011496025502,41.66263380864525,16.007834545145286,43.50356394633941,26.202639756027548,
91,33.00422083162513,,38.46946818750314,31.46788084119527,23.399315510644023,24.081091641805617,47.695671795584744,23.171199115599094,48.62686316824714,23.707430036715063,24.902287230488998,26.25206468819729,27.197043206061696,37.489941766505396,21.54011496025502,41.66263380864525,16.007834545145286,11.316841931931721,26.202639756027548,
92,34.68273691084107,,39.57308815386023,33.30800641967346,26.088183431935416,26.698242690625868,47.82877602032116,25.884062881954968,48.66201422350888,26.36388701083074,27.433055702073627,28.64084840353362,29.486423465107787,38.69659932571151,24.42455448148399,42.43036074331098,19.474221469444867,16.31684193193172,34.20263975602755,
93,34.68273691084107,,39.57308815386023,33.30800641967346,26.088183431935416,26.698242690625868,47.82877602032116,8.404414476279062,48.66201422350888,26.36388701083074,27.433055702073627,28.64084840353362,29.486423465107787,38.69659932571151,24.42455448148399,42.43036074331098,19.474221469444867,16.31684193193172,34.20263975602755,
94,36.68146172116525,,41.023326214632135,35.4609167723321,29.050846918081138,29.592483807251394,48.353081529794814,12.404414476279062,49.09286629968946,29.29562843180904,30.244882452092458,31.31721284010362,32.06795080430419,40.24514167680539,27.573805472320036,43.5601359012577,23.178686580503975,21.31684193193172,36.255210786148076,
95,36.68146172116525,,41.023326214632135,26.882911921791113,29.050846918081138,29.592483807251394,48.353081529794814,12.404414476279062,49.09286629968946,29.29562843180904,30.244882452092458,31.31721284010362,32.06795080430419,14.209710524983132,27.573805472320036,43.5601359012577,23.178686580503975,21.31684193193172,1.401764234395241,
96,38.36498996024197,,42.225585816571666,30.882911921791113,31.580181283149347,32.061781096573355,48.74288340616844,16.778902200351702,49.400667641841494,31.79783029062666,32.641865414897495,31.31721284010362,34.262857994685405,18.384092425786463,30.266860682353858,44.481205949171354,26.35891334605341,24.703442580850343,6.995827211167796,
97,38.36498996024197,,42.225585816571666,18.68568883347354,31.580181283149347,32.061781096573355,48.74288340616844,16.778902200351702,49.400667641841494,31.79783029062666,32.641865414897495,31.31721284010362,34.262857994685405,18.384092425786463,30.266860682353858,44.481205949171354,26.35891334605341,24.703442580850343,6.995827211167796,
98,40.034577029104405,,43.45739404810703,22.586843745046288,34.019143278753816,34.446131261718534,49.23565158599512,20.896280427273624,49.81884525880652,34.212111606619814,34.96043593154327,33.78599458984306,36.397613299041645,20.384092425786463,32.85474890257499,45.45723429701803,30.35891334605341,27.92220406485726,12.222573875924649,
99,40.034577029104405,,43.45739404810703,22.586843745046288,34.019143278753816,34.446131261718534,49.23565158599512,20.896280427273624,49.81884525880652,34.212111606619814,19.184605088019964,33.78599458984306,22.747146547489898,20.384092425786463,32.85474890257499,45.45723429701803,13.568399899667792,27.92220406485726,12.222573875924649,
100,41.555805990144606,,44.588361121445516,26.09742395967372,36.22623844816074,35.446131261718534,49.70779474854799,24.599614863938164,50.224493992243396,36.39720496188315,22.184605088019964,36.01967284766644,26.239449397613704,24.145825384840258,35.19460569632643,46.36018408917878,18.10724277037343,30.824458512019337,16.91486479881309,
101,41.555805990144606,,44.588361121445516,26.09742395967372,36.22623844816074,35.446131261718534,49.70779474854799,24.599614863938164,50.224493992243396,36.39720496188315,22.184605088019964,36.01967284766644,11.065270993702551,24.145825384840258,35.19460569632643,46.36018408917878,18.10724277037343,30.824458512019337,16.91486479881309,
102,43.18245832157774,,9.05981073028762,29.55349951788886,39.22623844816074,37.79583344624973,50.3696994401769,28.232948737002992,33.642006516693755,38.63435226751221,26.10374345008381,38.3014992159065,11.065270993702551,27.832863003322593,37.574074690252736,47.41826198201343,22.508916841103616,33.72111285869914,21.457650918137745,
103,43.18245832157774,,9.05981073028762,29.55349951788886,39.22623844816074,37.79583344624973,50.3696994401769,28.232948737002992,33.642006516693755,38.63435226751221,14.57417743315673,38.3014992159065,11.065270993702551,27.832863003322593,25.168688356942525,47.41826198201343,22.508916841103616,33.72111285869914,21.457650918137745,
104,45.55745832157774,,11.43481073028762,31.92849951788886,41.60123844816074,40.17083344624973,52.7446994401769,30.607948737002992,36.017006516693755,41.00935226751221,17.57417743315673,40.6764992159065,11.065270993702551,30.207863003322593,27.543688356942525,49.79326198201343,24.883916841103616,36.09611285869914,23.832650918137745,
105,45.55745832157774,,11.43481073028762,31.92849951788886,41.60123844816074,40.17083344624973,52.7446994401769,30.607948737002992,36.017006516693755,41.00935226751221,17.57417743315673,40.6764992159065,11.065270993702551,30.207863003322593,27.543688356942525,49.79326198201343,24.883916841103616,18.467797545400444,6.066294878069563,
106,47.30745832157774,,13.18481073028762,33.67849951788886,43.35123844816074,41.92083344624973,54.4946994401769,32.35794873700299,37.767006516693755,42.75935226751221,19.32417743315673,42.4264992159065,12.815270993702551,31.957863003322593,29.293688356942525,51.54326198201343,26.633916841103616,23.467797545400444,14.066294878069563,
107,47.30745832157774,,13.18481073028762,33.67849951788886,43.35123844816074,41.92083344624973,54.4946994401769,32.35794873700299,37.767006516693755,42.75935226751221,19.32417743315673,42.4264992159065,12.815270993702551,31.957863003322593,29.293688356942525,51.54326198201343,26.633916841103616,23.467797545400444,14.066294878069563,
108,49.18245832157774,,15.05981073028762,35.55349951788886,45.22623844816074,43.79583344624973,56.3696994401769,36.35794873700299,39.642006516693755,44.63435226751221,21.19917743315673,44.3014992159065,14.690270993702551,33.83286300332259,36.293688356942525,53.41826198201343,28.508916841103616,25.342797545400444,15.941294878069563,
109,49.18245832157774,,15.05981073028762,35.55349951788886,45.22623844816074,43.79583344624973,56.3696994401769,36.35794873700299,39.642006516693755,44.63435226751221,21.19917743315673,44.3014992159065,14.690270993702551,33.83286300332259,36.293688356942525,53.41826198201343,28.508916841103616,25.342797545400444,15.941294878069563,
110,51.24495832157774,,17.12231073028762,37.61599951788886,47.28873844816074,45.85833344624973,58.4321994401769,38.42044873700299,41.704506516693755,46.69685226751221,23.26167743315673,46.3639992159065,14.690270993702551,35.89536300332259,38.356188356942525,55.48076198201343,30.571416841103616,27.405297545400444,23.941294878069563,
111,51.24495832157774,,17.12231073028762,26.963271696384993,47.28873844816074,45.85833344624973,58.4321994401769,38.42044873700299,41.704506516693755,46.69685226751221,23.26167743315673,46.3639992159065,14.690270993702551,35.89536300332259,38.356188356942525,55.48076198201343,18.981842765192503,27.405297545400444,23.941294878069563,
112,53.30745832157774,,19.18481073028762,29.025771696384993,49.35123844816074,47.92083344624973,60.4946994401769,42.42044873700299,43.767006516693755,48.75935226751221,25.32417743315673,48.4264992159065,16.75277099370255,37.95786300332259,40.418688356942525,57.54326198201343,22.981842765192503,29.467797545400444,26.003794878069563,
113,53.30745832157774,,19.18481073028762,29.025771696384993,49.35123844816074,47.92083344624973,60.4946994401769,42.42044873700299,43.767006516693755,19.208589238977147,25.32417743315673,48.4264992159065,16.75277099370255,37.95786300332259,40.418688356942525,57.54326198201343,22.981842765192503,12.036809012708765,26.003794878069563,
114,55.55745832157774,,21.43481073028762,31.275771696384993,51.60123844816074,50.17083344624973,62.7446994401769,46.42044873700299,46.017006516693755,20.208589238977147,27.57417743315673,50.6764992159065,19.00277099370255,40.20786300332259,42.668688356942525,59.79326198201343,25.231842765192503,14.286809012708765,28.253794878069563,
115,55.55745832157774,,21.43481073028762,31.275771696384993,51.60123844816074,50.17083344624973,62.7446994401769,1.892433832557419,46.017006516693755,20.208589238977147,3.400603146790967,50.6764992159065,19.00277099370255,40.20786300332259,42.668688356942525,59.79326198201343,25.231842765192503,14.286809012708765,28.253794878069563,
116,64.55745832157774,,23.18481073028762,33.02577169638499,53.35123844816074,51.92083344624973,64.4946994401769,5.892433832557419,47.767006516693755,21.958589238977147,5.150603146790967,52.4264992159065,20.75277099370255,41.95786300332259,44.418688356942525,61.54326198201343,26.981842765192503,16.036809012708765,30.003794878069563,
117,64.55745832157774,,23.18481073028762,33.02577169638499,53.35123844816074,51.92083344624973,64.4946994401769,5.892433832557419,47.767006516693755,21.958589238977147,5.150603146790967,52.4264992159065,20.75277099370255,41.95786300332259,44.418688356942525,61.54326198201343,6.818083077594448,16.036809012708765,30.003794878069563,
118,66.86995832157774,,25.49731073028762,37.02577169638499,55.66373844816074,54.23333344624973,66.8071994401769,8.204933832557419,47.767006516693755,24.271089238977147,7.463103146790967,54.7389992159065,23.06527099370255,44.27036300332259,46.731188356942525,63.85576198201343,9.130583077594448,18.349309012708765,32.31629487806956,
119,66.86995832157774,,25.49731073028762,37.02577169638499,55.66373844816074,54.23333344624973,66.8071994401769,8.204933832557419,38.75165903857618,5.16049591427868,7.463103146790967,54.7389992159065,23.06527099370255,44.27036300332259,46.731188356942525,63.85576198201343,9.130583077594448,18.349309012708765,32.31629487806956,
120,69.11995832157774,,27.74731073028762,39.27577169638499,57.91373844816074,56.48333344624973,69.0571994401769,10.454933832557419,38.75165903857618,7.41049591427868,9.713103146790967,56.9889992159065,25.31527099370255,46.52036300332259,48.981188356942525,66.10576198201343,11.380583077594448,23.349309012708765,34.56629487806956,
121,69.11995832157774,,27.74731073028762,28.63909061920772,57.91373844816074,56.48333344624973,69.0571994401769,10.454933832557419,38.75165903857618,7.41049591427868,9.713103146790967,56.9889992159065,16.71206993072565,46.52036300332259,48.981188356942525,66.10576198201343,11.380583077594448,23.349309012708765,34.56629487806956,
122,71.18245832157774,,29.80981073028762,32.63909061920772,59.97623844816074,58.54583344624973,71.1196994401769,14.454933832557419,40.81415903857618,9.47299591427868,11.775603146790967,59.0514992159065,18.77456993072565,48.58286300332259,51.043688356942525,68.16826198201343,13.443083077594448,25.411809012708765,36.62879487806956,
123,71.18245832157774,,29.80981073028762,32.63909061920772,59.97623844816074,58.54583344624973,59.46246540781935,14.454933832557419,40.81415903857618,9.47299591427868,11.775603146790967,59.0514992159065,18.77456993072565,1.4942883792284931,51.043688356942525,68.16826198201343,13.443083077594448,25.411809012708765,36.62879487806956,
124,73.05745832157774,,31.68481073028762,34.51409061920772,61.85123844816074,60.42083344624973,61.33746540781935,18.45493383255742,42.68915903857618,11.34799591427868,13.650603146790967,60.9264992159065,20.64956993072565,3.369288379228493,58.043688356942525,70.04326198201343,15.318083077594448,27.286809012708765,38.50379487806956,
125,73.05745832157774,,31.68481073028762,34.51409061920772,61.85123844816074,60.42083344624973,61.33746540781935,18.45493383255742,42.68915903857618,11.34799591427868,13.650603146790967,60.9264992159065,20.64956993072565,3.369288379228493,58.043688356942525,70.04326198201343,15.318083077594448,27.286809012708765,38.50379487806956,
126,75.61995832157774,,31.68481073028762,37.07659061920772,64.41373844816074,62.98333344624973,63.89996540781935,21.01743383255742,45.25165903857618,13.91049591427868,16.213103146790967,60.9264992159065,23.21206993072565,5.931788379228493,60.606188356942525,72.60576198201343,17.880583077594448,29.849309012708765,41.06629487806956,
127,64.96302456601519,,31.68481073028762,37.07659061920772,64.41373844816074,62.98333344624973,63.89996540781935,21.01743383255742,45.25165903857618,13.91049591427868,16.213103146790967,60.9264992159065,1.452110113974399,5.931788379228493,60.606188356942525,72.60576198201343,17.880583077594448,29.849309012708765,41.06629487806956,
128,67.46302456601519,,34.18481073028762,39.57659061920772,66.91373844816074,65.48333344624973,66.39996540781935,23.51743383255742,47.75165903857618,14.91049591427868,18.713103146790967,63.4264992159065,1.452110113974399,8.431788379228493,63.106188356942525,75.10576198201343,20.380583077594448,32.349309012708765,43.56629487806956,
129,67.46302456601519,,34.18481073028762,39.57659061920772,66.91373844816074,65.48333344624973,66.39996540781935,23.51743383255742,47.75165903857618,14.91049591427868,18.713103146790967,63.4264992159065,1.452110113974399,8.431788379228493,63.106188356942525,75.10576198201343,20.380583077594448,32.349309012708765,43.56629487806956,
130,69.58802456601519,,36.30981073028762,41.70159061920772,69.03873844816074,67.60833344624973,68.52496540781935,25.64243383255742,47.75165903857618,17.03549591427868,20.838103146790967,65.5514992159065,3.577110113974399,10.556788379228493,70.10618835694252,77.23076198201343,22.505583077594448,34.474309012708765,45.69129487806956,
131,,,36.30981073028762,41.70159061920772,69.03873844816074,67.60833344624973,68.52496540781935,25.64243383255742,47.75165903857618,17.03549591427868,20.838103146790967,65.5514992159065,3.577110113974399,10.556788379228493,70.10618835694252,75.0,22.505583077594448,11.99807919039274,45.69129487806956,
132,,,37.80981073028762,43.20159061920772,70.53873844816074,69.10833344624973,70.02496540781935,27.14243383255742,49.25165903857618,18.53549591427868,22.338103146790967,67.0514992159065,5.077110113974399,12.056788379228493,71.60618835694252,76.5,24.005583077594448,13.49807919039274,53.69129487806956,
133,,,37.80981073028762,43.20159061920772,70.53873844816074,69.10833344624973,70.02496540781935,27.14243383255742,49.25165903857618,18.53549591427868,22.338103146790967,67.0514992159065,5.077110113974399,12.056788379228493,71.60618835694252,76.5,24.005583077594448,13.49807919039274,53.69129487806956,
134,,,39.476477396954294,44.86825728587439,72.20540511482741,70.7750001129164,77.02496540781935,28.809100499224087,50.91832570524285,20.20216258094535,24.004769813457635,68.71816588257317,5.077110113974399,13.723455045895161,73.2728550236092,78.16666666666667,25.672249744261116,15.164745857059408,55.35796154473623,
135,,,39.476477396954294,3.052454290315808,72.20540511482741,70.7750001129164,77.02496540781935,28.809100499224087,50.91832570524285,20.20216258094535,,68.71816588257317,5.077110113974399,13.723455045895161,55.854075698379354,75.0,25.672249744261116,15.164745857059408,55.35796154473623,
136,,,40.833620254097156,7.052454290315808,73.56254797197028,72.13214297005926,78.38210826496221,30.166243356366945,52.27546856238571,21.559305438088206,,70.07530873971604,6.434252971117257,15.080597903038019,57.21121855552221,81.0,27.029392601403973,16.521888714202266,56.71510440187909,
137,,,19.047381611537986,7.052454290315808,73.56254797197028,72.13214297005926,78.38210826496221,30.166243356366945,52.27546856238571,21.559305438088206,,70.07530873971604,6.434252971117257,15.080597903038019,57.21121855552221,81.0,27.029392601403973,16.521888714202266,56.71510440187909,
138,,,19.047381611537986,8.766740004601523,75.276833686256,73.84642868434497,80.09639397924792,31.88052907065266,53.98975427667143,23.27359115237392,,71.78959445400176,8.148538685402972,16.794883617323734,58.925504269807924,82.71428571428572,28.74367831568969,21.521888714202266,58.429390116164804,
139,,,19.047381611537986,8.766740004601523,75.276833686256,75.0,80.09639397924792,31.88052907065266,53.98975427667143,23.27359115237392,,71.78959445400176,8.148538685402972,16.794883617323734,58.925504269807924,82.71428571428572,,21.521888714202266,58.429390116164804,
140,,,20.278150842307216,9.997509235370753,76.50760291702522,76.0,81.32716321001715,33.11129830142189,55.22052350744066,24.50436038314315,,73.02036368477098,9.379307916172202,18.025652848092964,60.15627350057716,83.94505494505495,,22.752657944971496,66.4293901161648,
141,,,20.278150842307216,9.997509235370753,76.50760291702522,76.0,81.32716321001715,33.11129830142189,40.26040076979904,24.50436038314315,,73.02036368477098,9.379307916172202,18.025652848092964,16.552487866573884,83.94505494505495,,22.752657944971496,66.4293901161648,
142,,,21.355073919230293,13.997509235370753,77.5845259939483,77.07692307692308,82.40408628694023,34.18822137834496,41.337323846722114,25.581283460066228,,74.09728676169406,10.456230993095279,19.10257592501604,23.552487866573884,85.02197802197803,,23.829581021894573,67.50631319308788,
143,,,21.355073919230293,13.997509235370753,77.5845259939483,77.07692307692308,82.40408628694023,34.18822137834496,41.337323846722114,25.581283460066228,,74.09728676169406,10.456230993095279,19.10257592501604,23.552487866573884,85.02197802197803,,23.829581021894573,67.50631319308788,
144,,,22.97045853461491,17.997509235370753,79.19991060933292,78.6923076923077,84.01947090232484,35.803605993729576,42.95270846210673,27.196668075450845,,75.71267137707868,10.456230993095279,20.717960540400657,25.1678724819585,86.63736263736264,,25.44496563727919,69.12169780847249,
145,,,22.97045853461491,17.997509235370753,79.19991060933292,78.6923076923077,84.01947090232484,35.803605993729576,42.95270846210673,27.196668075450845,,75.71267137707868,10.456230993095279,20.717960540400657,25.1678724819585,86.63736263736264,,,69.12169780847249,
146,,,23.72045853461491,21.997509235370753,79.94991060933292,79.4423076923077,91.01947090232484,36.553605993729576,43.70270846210673,27.946668075450845,,76.46267137707868,11.206230993095279,21.467960540400657,25.9178724819585,87.38736263736264,,,69.87169780847249,
147,,,23.72045853461491,,79.94991060933292,79.4423076923077,91.01947090232484,36.553605993729576,43.70270846210673,,,76.46267137707868,11.206230993095279,21.467960540400657,25.9178724819585,87.38736263736264,,,69.87169780847249,
148,,,25.120458534614908,,81.34991060933291,80.4423076923077,92.41947090232483,37.953605993729575,45.102708462106726,,,76.46267137707868,12.606230993095277,22.867960540400656,27.3178724819585,88.78736263736263,,,71.27169780847248,
149,,,25.120458534614908,,81.34991060933291,80.4423076923077,92.41947090232483,1.9556879704973227,32.942913453026776,,,13.31740062095366,12.606230993095277,22.867960540400656,27.3178724819585,88.78736263736263,,,71.27169780847248,
150,,,26.22045853461491,,82.4499106093329,81.5423076923077,93.51947090232483,5.955687970497323,32.942913453026776,,,14.41740062095366,13.706230993095279,23.967960540400657,28.4178724819585,89.88736263736263,,,72.37169780847248,
151,,,26.22045853461491,,82.4499106093329,81.5423076923077,93.51947090232483,5.955687970497323,32.942913453026776,,,14.41740062095366,13.706230993095279,,28.4178724819585,89.88736263736263,,,72.37169780847248,
152,,,26.22045853461491,,35.091533190927755,81.5423076923077,13.139089266902019,5.955687970497323,32.942913453026776,,,14.41740062095366,13.706230993095279,,28.4178724819585,95.88736263736263,,,72.37169780847248,
153,,,26.22045853461491,,35.091533190927755,81.5423076923077,13.139089266902019,5.955687970497323,,,,14.41740062095366,13.706230993095279,,28.4178724819585,95.88736263736263,,,72.37169780847248,
154,,,26.776014090170467,,35.64708874648331,82.09786324786326,13.694644822457576,6.51124352605288,,,,14.972956176509218,14.261786548650836,,28.973428037514058,96.44291819291819,,,80.37169780847248,
155,,,,,35.64708874648331,82.09786324786326,13.694644822457576,6.51124352605288,,,,14.972956176509218,14.261786548650836,,28.973428037514058,87.89825337522468,,,80.37169780847248,
156,,,,,37.091533190927755,83.5423076923077,15.139089266902019,7.955687970497323,,,,16.41740062095366,15.706230993095279,,30.4178724819585,89.34269781966913,,,81.81614225291692,
157,,,,,37.091533190927755,83.5423076923077,15.139089266902019,7.955687970497323,,,,16.41740062095366,15.706230993095279,,30.4178724819585,89.34269781966913,,,81.81614225291692,
158,,,,,37.841533190927755,84.2923076923077,15.889089266902019,8.705687970497323,,,,17.16740062095366,16.45623099309528,,37.4178724819585,90.09269781966913,,,82.56614225291692,
159,,,,,37.841533190927755,84.2923076923077,15.889089266902019,8.705687970497323,,,,17.16740062095366,16.45623099309528,,37.4178724819585,90.09269781966913,,,82.56614225291692,
160,,,,,38.466533190927755,84.9173076923077,16.51408926690202,9.330687970497323,,,,17.79240062095366,17.08123099309528,,38.0428724819585,90.71769781966913,,,90.56614225291692,
161,,,,,38.466533190927755,84.9173076923077,16.51408926690202,9.330687970497323,,,,17.79240062095366,17.08123099309528,,38.0428724819585,90.71769781966913,,,90.56614225291692,
162,,,,,40.091533190927755,86.5423076923077,18.13908926690202,10.955687970497323,,,,19.41740062095366,17.08123099309528,,39.6678724819585,92.34269781966913,,,92.19114225291692,
163,,,,,40.091533190927755,86.5423076923077,18.13908926690202,10.955687970497323,,,,19.41740062095366,17.08123099309528,,39.6678724819585,92.34269781966913,,,92.19114225291692,
164,,,,,40.716533190927755,87.1673076923077,18.76408926690202,11.580687970497323,,,,20.04240062095366,17.70623099309528,,40.2928724819585,92.96769781966913,,,100.0,
165,,,,,40.716533190927755,87.1673076923077,18.76408926690202,11.580687970497323,,,,20.04240062095366,17.70623099309528,,40.2928724819585,92.96769781966913,,,100.0,
166,,,,,42.341533190927755,88.7923076923077,20.38908926690202,13.205687970497323,,,,21.66740062095366,17.70623099309528,,41.9178724819585,94.59269781966913,,,100.0,
167,,,,,42.341533190927755,88.7923076923077,20.38908926690202,13.205687970497323,,,,2.845204400179661,17.70623099309528,,41.9178724819585,94.59269781966913,,,100.0,
168,,,,,43.091533190927755,89.5423076923077,21.13908926690202,13.955687970497323,,,,3.595204400179661,18.45623099309528,,48.9178724819585,95.34269781966913,,,100.0,
169,,,,,43.091533190927755,89.5423076923077,21.13908926690202,13.955687970497323,,,,3.595204400179661,18.45623099309528,,48.9178724819585,95.34269781966913,,,100.0,
170,,,,,,90.5423076923077,22.63908926690202,15.455687970497323,,,,5.095204400179661,19.95623099309528,,50.4178724819585,96.84269781966913,,,100.0,
171,,,,,,90.5423076923077,22.63908926690202,15.455687970497323,,,,5.095204400179661,19.95623099309528,,50.4178724819585,96.84269781966913,,,100.0,
172,,,,,,93.3423076923077,22.905755933568688,15.722354637163992,,,,5.36187106684633,19.95623099309528,,50.68453914862516,99.64269781966912,,,100.0,
173,,,,,,93.3423076923077,22.905755933568688,15.722354637163992,,,,5.36187106684633,19.95623099309528,,50.68453914862516,99.64269781966912,,,100.0,
174,,,,,,95.24230769230769,22.372422600235357,15.18902130383066,,,,4.828537733512999,21.856230993095277,,50.15120581529183,100.0,,,100.0,
175,,,,,,95.24230769230769,22.372422600235357,15.18902130383066,,,,4.828537733512999,12.656910554393255,,43.39765127508636,100.0,,,100.0,
176,,,,,,96.99230769230769,29.372422600235357,14.522354637163993,,,,4.161871066846331,14.406910554393255,,42.73098460841969,100.0,,,100.0,
177,,,,,,96.99230769230769,,14.522354637163993,,,,4.161871066846331,14.406910554393255,,42.73098460841969,100.0,,,100.0,
178,,,,,,94.84230769230768,,18.322354637163993,,,,7.9618710668463315,12.256910554393253,,46.530984608419686,100.0,,,97.85,
179,,,,,,94.84230769230768,,18.322354637163993,,,,7.9618710668463315,12.256910554393253,,46.530984608419686,100.0,,,97.85,
180,,,,,,93.59230769230768,,23.322354637163993,,,,12.961871066846332,12.256910554393253,,51.530984608419686,98.75,,,96.6,
181,,,,,,93.59230769230768,,23.322354637163993,,,,12.961871066846332,12.256910554393253,,51.530984608419686,98.75,,,96.6,
182,,,,,,92.34230769230768,,28.322354637163993,,,,17.96187106684633,12.256910554393253,,56.530984608419686,97.5,,,95.35,
183,,,,,,92.34230769230768,,28.322354637163993,,,,17.96187106684633,12.256910554393253,,56.530984608419686,97.5,,,95.35,
184,,,,,,90.19230769230768,,32.122354637163994,,,,21.761871066846332,10.10691055439325,,54.38098460841968,100.0,,,93.19999999999999,
185,,,,,,5.492590252493539,,32.122354637163994,,,,21.761871066846332,10.10691055439325,,54.38098460841968,100.0,,,53.270368586070624,
186,,,,,,,,32.122354637163994,,,,15.201871066846333,3.5469105543932518,,79.18098460841969,93.44,,,61.270368586070624,
187,,,,,,,,32.122354637163994,,,,15.201871066846333,3.5469105543932518,,79.18098460841969,93.44,,,61.270368586070624,
188,,,,,,,,32.122354637163994,,,,15.201871066846333,3.5469105543932518,,79.18098460841969,93.44,,,61.270368586070624,
